seq1,seq2,address_address_jac_qgm_3_qgm_3
3rd st.,8638 w. third street east,0.09090909090909093
8638 w. third street east,3rd st.,0.09090909090909093
3rd st.,8638 w. third street west,0.09090909090909093
8638 w. third street west,3rd st.,0.09090909090909093
3rd st.,8638 w. third street south,0.08823529411764706
8638 w. third street south,3rd st.,0.08823529411764706
3rd st.,8638 w. third street north,0.08823529411764706
8638 w. third street north,3rd st.,0.08823529411764706
3rd st.,8638 w. third street between bush ave. and the east river,0.046875
8638 w. third street between bush ave. and the east river,3rd st.,0.046875
3rd street,third st. near white st.,0.09090909090909093
third st. near white st.,3rd street,0.09090909090909093
3rd street,8638 w. third st. south,0.08823529411764706
8638 w. third st. south,3rd street,0.08823529411764706
3rd street,8638 w. third st. north,0.08823529411764706
8638 w. third st. north,3rd street,0.08823529411764706
3rd street,8638 w. third st. near 13th st.,0.075
8638 w. third st. near 13th st.,3rd street,0.075
third st.,3rd street between 1th and 2th sts,0.07142857142857142
3rd street between 1th and 2th sts,third st.,0.07142857142857142
third st.,8638 w. third street between bush ave. and the east river,0.09523809523809523
8638 w. third street between bush ave. and the east river,third st.,0.09523809523809523
3rd st. east,8638 w. third street south,0.07692307692307693
8638 w. third street south,3rd st. east,0.07692307692307693
3rd st. east,8638 w. third street north,0.07692307692307693
8638 w. third street north,3rd st. east,0.07692307692307693
3rd st. east,8638 w. third street between bush ave. and the east river,0.09090909090909093
8638 w. third street between bush ave. and the east river,3rd st. east,0.09090909090909093
3rd st. west,8638 w. third street south,0.07692307692307693
8638 w. third street south,3rd st. west,0.07692307692307693
3rd st. west,8638 w. third street north,0.07692307692307693
8638 w. third street north,3rd st. west,0.07692307692307693
3rd st. west,8638 w. third street between bush ave. and the east river,0.043478260869565216
8638 w. third street between bush ave. and the east river,3rd st. west,0.043478260869565216
3rd st. south,8638 w. third street,0.08823529411764706
8638 w. third street,3rd st. south,0.08823529411764706
3rd st. south,8638 w. third street east,0.07692307692307693
8638 w. third street east,3rd st. south,0.07692307692307693
3rd st. south,8638 w. third street west,0.07692307692307693
8638 w. third street west,3rd st. south,0.07692307692307693
3rd st. south,8638 w. third street between bush ave. and the east river,0.042857142857142864
8638 w. third street between bush ave. and the east river,3rd st. south,0.042857142857142864
3rd st. north,8638 w. third street,0.08823529411764706
8638 w. third street,3rd st. north,0.08823529411764706
3rd st. north,8638 w. third street east,0.07692307692307693
8638 w. third street east,3rd st. north,0.07692307692307693
3rd st. north,8638 w. third street west,0.07692307692307693
8638 w. third street west,3rd st. north,0.07692307692307693
3rd st. north,8638 w. third street between bush ave. and the east river,0.042857142857142864
8638 w. third street between bush ave. and the east river,3rd st. north,0.042857142857142864
3rd street east,third st. south,0.0967741935483871
third st. south,3rd street east,0.0967741935483871
3rd street east,third st. north,0.0967741935483871
third st. north,3rd street east,0.0967741935483871
3rd street east,third st. near white st.,0.07894736842105263
third st. near white st.,3rd street east,0.07894736842105263
3rd street east,8638 w. third st.,0.09090909090909093
8638 w. third st.,3rd street east,0.09090909090909093
3rd street east,8638 w. third st. south,0.07692307692307693
8638 w. third st. south,3rd street east,0.07692307692307693
3rd street east,8638 w. third st. north,0.07692307692307693
8638 w. third st. north,3rd street east,0.07692307692307693
3rd street east,8638 w. third st. near 13th st.,0.06666666666666668
8638 w. third st. near 13th st.,3rd street east,0.06666666666666668
3rd street east,8638 w. 3rd st. at broadway,0.09523809523809523
8638 w. 3rd st. at broadway,3rd street east,0.09523809523809523
3rd street west,third st. south,0.0967741935483871
third st. south,3rd street west,0.0967741935483871
3rd street west,third st. north,0.0967741935483871
third st. north,3rd street west,0.0967741935483871
3rd street west,third st. near white st.,0.07894736842105263
third st. near white st.,3rd street west,0.07894736842105263
3rd street west,8638 w. third st.,0.09090909090909093
8638 w. third st.,3rd street west,0.09090909090909093
3rd street west,8638 w. third st. south,0.07692307692307693
8638 w. third st. south,3rd street west,0.07692307692307693
3rd street west,8638 w. third st. north,0.07692307692307693
8638 w. third st. north,3rd street west,0.07692307692307693
3rd street west,8638 w. third st. near 13th st.,0.06666666666666668
8638 w. third st. near 13th st.,3rd street west,0.06666666666666668
3rd street west,8638 w. 3rd st. at broadway,0.09523809523809523
8638 w. 3rd st. at broadway,3rd street west,0.09523809523809523
3rd street south,third st. east,0.0967741935483871
third st. east,3rd street south,0.0967741935483871
3rd street south,third st. west,0.0967741935483871
third st. west,3rd street south,0.0967741935483871
3rd street south,third st. near white st.,0.07692307692307693
third st. near white st.,3rd street south,0.07692307692307693
3rd street south,8638 w. third st.,0.08823529411764706
8638 w. third st.,3rd street south,0.08823529411764706
3rd street south,8638 w. third st. east,0.07692307692307693
8638 w. third st. east,3rd street south,0.07692307692307693
3rd street south,8638 w. third st. west,0.07692307692307693
8638 w. third st. west,3rd street south,0.07692307692307693
3rd street south,8638 w. third st. near 13th st.,0.06521739130434782
8638 w. third st. near 13th st.,3rd street south,0.06521739130434782
3rd street south,8638 w. 3rd st. at broadway,0.09302325581395347
8638 w. 3rd st. at broadway,3rd street south,0.09302325581395347
3rd street north,third st. east,0.0967741935483871
third st. east,3rd street north,0.0967741935483871
3rd street north,third st. west,0.0967741935483871
third st. west,3rd street north,0.0967741935483871
3rd street north,third st. near white st.,0.07692307692307693
third st. near white st.,3rd street north,0.07692307692307693
3rd street north,8638 w. third st.,0.08823529411764706
8638 w. third st.,3rd street north,0.08823529411764706
3rd street north,8638 w. third st. east,0.07692307692307693
8638 w. third st. east,3rd street north,0.07692307692307693
3rd street north,8638 w. third st. west,0.07692307692307693
8638 w. third st. west,3rd street north,0.07692307692307693
3rd street north,8638 w. third st. near 13th st.,0.06521739130434782
8638 w. third st. near 13th st.,3rd street north,0.06521739130434782
3rd street north,8638 w. 3rd st. at broadway,0.09302325581395347
8638 w. 3rd st. at broadway,3rd street north,0.09302325581395347
third st. east,3rd street between 1th and 2th sts,0.06382978723404255
3rd street between 1th and 2th sts,third st. east,0.06382978723404255
third st. west,3rd street between 1th and 2th sts,0.06382978723404255
3rd street between 1th and 2th sts,third st. west,0.06382978723404255
third st. west,8638 w. third street between bush ave. and the east river,0.08823529411764706
8638 w. third street between bush ave. and the east river,third st. west,0.08823529411764706
third st. south,3rd street between 1th and 2th sts,0.0625
3rd street between 1th and 2th sts,third st. south,0.0625
third st. south,8638 w. third street between bush ave. and the east river,0.08695652173913042
8638 w. third street between bush ave. and the east river,third st. south,0.08695652173913042
third st. north,3rd street between 1th and 2th sts,0.0625
3rd street between 1th and 2th sts,third st. north,0.0625
third st. north,8638 w. third street between bush ave. and the east river,0.08695652173913042
8638 w. third street between bush ave. and the east river,third st. north,0.08695652173913042
3rd st. at walker,8638 w. third street,0.07894736842105263
8638 w. third street,3rd st. at walker,0.07894736842105263
3rd st. at walker,8638 w. third street east,0.06976744186046513
8638 w. third street east,3rd st. at walker,0.06976744186046513
3rd st. at walker,8638 w. third street west,0.09523809523809523
8638 w. third street west,3rd st. at walker,0.09523809523809523
3rd st. at walker,8638 w. third street south,0.06818181818181818
8638 w. third street south,3rd st. at walker,0.06818181818181818
3rd st. at walker,8638 w. third street north,0.06818181818181818
8638 w. third street north,3rd st. at walker,0.06818181818181818
3rd st. at walker,8638 w. third street between bush ave. and the east river,0.08450704225352113
8638 w. third street between bush ave. and the east river,3rd st. at walker,0.08450704225352113
3rd street between 1th and 2th sts,third st. near white st.,0.054545454545454536
third st. near white st.,3rd street between 1th and 2th sts,0.054545454545454536
3rd street between 1th and 2th sts,8638 w. third st.,0.06
8638 w. third st.,3rd street between 1th and 2th sts,0.06
3rd street between 1th and 2th sts,8638 w. 3rd st.,0.0851063829787234
8638 w. 3rd st.,3rd street between 1th and 2th sts,0.0851063829787234
3rd street between 1th and 2th sts,8638 w. third st. east,0.054545454545454536
8638 w. third st. east,3rd street between 1th and 2th sts,0.054545454545454536
3rd street between 1th and 2th sts,8638 w. third st. west,0.054545454545454536
8638 w. third st. west,3rd street between 1th and 2th sts,0.054545454545454536
3rd street between 1th and 2th sts,8638 w. third st. south,0.05357142857142857
8638 w. third st. south,3rd street between 1th and 2th sts,0.05357142857142857
3rd street between 1th and 2th sts,8638 w. third st. north,0.05357142857142857
8638 w. third st. north,3rd street between 1th and 2th sts,0.05357142857142857
3rd street between 1th and 2th sts,8638 w. 3rd st. east,0.07692307692307693
8638 w. 3rd st. east,3rd street between 1th and 2th sts,0.07692307692307693
3rd street between 1th and 2th sts,8638 w. 3rd st. west,0.07692307692307693
8638 w. 3rd st. west,3rd street between 1th and 2th sts,0.07692307692307693
3rd street between 1th and 2th sts,8638 w. 3rd st. south,0.07547169811320754
8638 w. 3rd st. south,3rd street between 1th and 2th sts,0.07547169811320754
3rd street between 1th and 2th sts,8638 w. 3rd st. north,0.07547169811320754
8638 w. 3rd st. north,3rd street between 1th and 2th sts,0.07547169811320754
3rd street between 1th and 2th sts,8638 w. third st. near 13th st.,0.08333333333333333
8638 w. third st. near 13th st.,3rd street between 1th and 2th sts,0.08333333333333333
3rd street between 1th and 2th sts,8638 w. 3rd st. at broadway,0.08620689655172414
8638 w. 3rd st. at broadway,3rd street between 1th and 2th sts,0.08620689655172414
third st. near white st.,8638 w. third street between bush ave. and the east river,0.07894736842105263
8638 w. third street between bush ave. and the east river,third st. near white st.,0.07894736842105263
1114 horn ave.,8795 sunset blvd.,0.029411764705882356
8795 sunset blvd.,1114 horn ave.,0.029411764705882356
1114 horn ave.,8795 sunset blvd,0.0
8795 sunset blvd,1114 horn ave.,0.0
1114 horn ave.,8795 sunset blvd. east,0.0
8795 sunset blvd. east,1114 horn ave.,0.0
1114 horn ave.,8795 sunset blvd. west,0.0
8795 sunset blvd. west,1114 horn ave.,0.0
1114 horn ave.,8795 sunset blvd. south,0.0
8795 sunset blvd. south,1114 horn ave.,0.0
1114 horn ave.,8795 sunset blvd. north,0.0
8795 sunset blvd. north,1114 horn ave.,0.0
1114 horn ave.,8795 sunset blvd east,0.0
8795 sunset blvd east,1114 horn ave.,0.0
1114 horn ave.,8795 sunset blvd west,0.0
8795 sunset blvd west,1114 horn ave.,0.0
1114 horn ave.,8795 sunset blvd south,0.0
8795 sunset blvd south,1114 horn ave.,0.0
1114 horn ave.,8795 sunset blvd north,0.0
8795 sunset blvd north,1114 horn ave.,0.0
1114 horn ave.,8795 sunset blvd. near hudson st.,0.02
8795 sunset blvd. near hudson st.,1114 horn ave.,0.02
1114 horn ave.,8795 sunset blvd between white ave. and peachtree,0.046875
8795 sunset blvd between white ave. and peachtree,1114 horn ave.,0.046875
1114 horn avenue,8795 sunset blvd.,0.0
8795 sunset blvd.,1114 horn avenue,0.0
1114 horn avenue,8795 sunset blvd,0.0
8795 sunset blvd,1114 horn avenue,0.0
1114 horn avenue,8795 sunset blvd. east,0.0
8795 sunset blvd. east,1114 horn avenue,0.0
1114 horn avenue,8795 sunset blvd. west,0.0
8795 sunset blvd. west,1114 horn avenue,0.0
1114 horn avenue,8795 sunset blvd. south,0.0
8795 sunset blvd. south,1114 horn avenue,0.0
1114 horn avenue,8795 sunset blvd. north,0.0
8795 sunset blvd. north,1114 horn avenue,0.0
1114 horn avenue,8795 sunset blvd east,0.0
8795 sunset blvd east,1114 horn avenue,0.0
1114 horn avenue,8795 sunset blvd west,0.0
8795 sunset blvd west,1114 horn avenue,0.0
1114 horn avenue,8795 sunset blvd south,0.0
8795 sunset blvd south,1114 horn avenue,0.0
1114 horn avenue,8795 sunset blvd north,0.0
8795 sunset blvd north,1114 horn avenue,0.0
1114 horn avenue,8795 sunset blvd. near hudson st.,0.0
8795 sunset blvd. near hudson st.,1114 horn avenue,0.0
1114 horn avenue,8795 sunset blvd between white ave. and peachtree,0.045454545454545456
8795 sunset blvd between white ave. and peachtree,1114 horn avenue,0.045454545454545456
1114 horn ave. east,8795 sunset blvd.,0.0
8795 sunset blvd.,1114 horn ave. east,0.0
1114 horn ave. east,8795 sunset blvd,0.0
8795 sunset blvd,1114 horn ave. east,0.0
1114 horn ave. east,8795 sunset blvd. west,0.04651162790697674
8795 sunset blvd. west,1114 horn ave. east,0.04651162790697674
1114 horn ave. east,8795 sunset blvd. south,0.0
8795 sunset blvd. south,1114 horn ave. east,0.0
1114 horn ave. east,8795 sunset blvd. north,0.0
8795 sunset blvd. north,1114 horn ave. east,0.0
1114 horn ave. east,8795 sunset blvd west,0.047619047619047616
8795 sunset blvd west,1114 horn ave. east,0.047619047619047616
1114 horn ave. east,8795 sunset blvd south,0.0
8795 sunset blvd south,1114 horn ave. east,0.0
1114 horn ave. east,8795 sunset blvd north,0.0
8795 sunset blvd north,1114 horn ave. east,0.0
1114 horn ave. east,8795 sunset blvd. near hudson st.,0.0
8795 sunset blvd. near hudson st.,1114 horn ave. east,0.0
1114 horn ave. east,8795 sunset blvd between white ave. and peachtree,0.05882352941176471
8795 sunset blvd between white ave. and peachtree,1114 horn ave. east,0.05882352941176471
1114 horn ave. west,8795 sunset blvd.,0.0
8795 sunset blvd.,1114 horn ave. west,0.0
1114 horn ave. west,8795 sunset blvd,0.0
8795 sunset blvd,1114 horn ave. west,0.0
1114 horn ave. west,8795 sunset blvd. east,0.04651162790697674
8795 sunset blvd. east,1114 horn ave. west,0.04651162790697674
1114 horn ave. west,8795 sunset blvd. south,0.0
8795 sunset blvd. south,1114 horn ave. west,0.0
1114 horn ave. west,8795 sunset blvd. north,0.0
8795 sunset blvd. north,1114 horn ave. west,0.0
1114 horn ave. west,8795 sunset blvd east,0.047619047619047616
8795 sunset blvd east,1114 horn ave. west,0.047619047619047616
1114 horn ave. west,8795 sunset blvd south,0.0
8795 sunset blvd south,1114 horn ave. west,0.0
1114 horn ave. west,8795 sunset blvd north,0.0
8795 sunset blvd north,1114 horn ave. west,0.0
1114 horn ave. west,8795 sunset blvd. near hudson st.,0.0
8795 sunset blvd. near hudson st.,1114 horn ave. west,0.0
1114 horn ave. west,8795 sunset blvd between white ave. and peachtree,0.05882352941176471
8795 sunset blvd between white ave. and peachtree,1114 horn ave. west,0.05882352941176471
1114 horn ave. south,8795 sunset blvd.,0.0
8795 sunset blvd.,1114 horn ave. south,0.0
1114 horn ave. south,8795 sunset blvd,0.0
8795 sunset blvd,1114 horn ave. south,0.0
1114 horn ave. south,8795 sunset blvd. east,0.0
8795 sunset blvd. east,1114 horn ave. south,0.0
1114 horn ave. south,8795 sunset blvd. west,0.0
8795 sunset blvd. west,1114 horn ave. south,0.0
1114 horn ave. south,8795 sunset blvd. north,0.04444444444444445
8795 sunset blvd. north,1114 horn ave. south,0.04444444444444445
1114 horn ave. south,8795 sunset blvd east,0.0
8795 sunset blvd east,1114 horn ave. south,0.0
1114 horn ave. south,8795 sunset blvd west,0.0
8795 sunset blvd west,1114 horn ave. south,0.0
1114 horn ave. south,8795 sunset blvd north,0.045454545454545456
8795 sunset blvd north,1114 horn ave. south,0.045454545454545456
1114 horn ave. south,8795 sunset blvd. near hudson st.,0.0
8795 sunset blvd. near hudson st.,1114 horn ave. south,0.0
1114 horn ave. south,8795 sunset blvd between white ave. and peachtree,0.05797101449275361
8795 sunset blvd between white ave. and peachtree,1114 horn ave. south,0.05797101449275361
1114 horn ave. north,8795 sunset blvd.,0.0
8795 sunset blvd.,1114 horn ave. north,0.0
1114 horn ave. north,8795 sunset blvd,0.0
8795 sunset blvd,1114 horn ave. north,0.0
1114 horn ave. north,8795 sunset blvd. east,0.0
8795 sunset blvd. east,1114 horn ave. north,0.0
1114 horn ave. north,8795 sunset blvd. west,0.0
8795 sunset blvd. west,1114 horn ave. north,0.0
1114 horn ave. north,8795 sunset blvd. south,0.04444444444444445
8795 sunset blvd. south,1114 horn ave. north,0.04444444444444445
1114 horn ave. north,8795 sunset blvd east,0.0
8795 sunset blvd east,1114 horn ave. north,0.0
1114 horn ave. north,8795 sunset blvd west,0.0
8795 sunset blvd west,1114 horn ave. north,0.0
1114 horn ave. north,8795 sunset blvd south,0.045454545454545456
8795 sunset blvd south,1114 horn ave. north,0.045454545454545456
1114 horn ave. north,8795 sunset blvd. near hudson st.,0.017857142857142856
8795 sunset blvd. near hudson st.,1114 horn ave. north,0.017857142857142856
1114 horn ave. north,8795 sunset blvd between white ave. and peachtree,0.05797101449275361
8795 sunset blvd between white ave. and peachtree,1114 horn ave. north,0.05797101449275361
1114 horn avenue east,8795 sunset blvd.,0.0
8795 sunset blvd.,1114 horn avenue east,0.0
1114 horn avenue east,8795 sunset blvd,0.0
8795 sunset blvd,1114 horn avenue east,0.0
1114 horn avenue east,8795 sunset blvd. west,0.04444444444444445
8795 sunset blvd. west,1114 horn avenue east,0.04444444444444445
1114 horn avenue east,8795 sunset blvd. south,0.0
8795 sunset blvd. south,1114 horn avenue east,0.0
1114 horn avenue east,8795 sunset blvd. north,0.0
8795 sunset blvd. north,1114 horn avenue east,0.0
1114 horn avenue east,8795 sunset blvd west,0.045454545454545456
8795 sunset blvd west,1114 horn avenue east,0.045454545454545456
1114 horn avenue east,8795 sunset blvd south,0.0
8795 sunset blvd south,1114 horn avenue east,0.0
1114 horn avenue east,8795 sunset blvd north,0.0
8795 sunset blvd north,1114 horn avenue east,0.0
1114 horn avenue east,8795 sunset blvd. near hudson st.,0.0
8795 sunset blvd. near hudson st.,1114 horn avenue east,0.0
1114 horn avenue east,8795 sunset blvd between white ave. and peachtree,0.027777777777777776
8795 sunset blvd between white ave. and peachtree,1114 horn avenue east,0.027777777777777776
1114 horn avenue west,8795 sunset blvd.,0.0
8795 sunset blvd.,1114 horn avenue west,0.0
1114 horn avenue west,8795 sunset blvd,0.0
8795 sunset blvd,1114 horn avenue west,0.0
1114 horn avenue west,8795 sunset blvd. east,0.04444444444444445
8795 sunset blvd. east,1114 horn avenue west,0.04444444444444445
1114 horn avenue west,8795 sunset blvd. south,0.0
8795 sunset blvd. south,1114 horn avenue west,0.0
1114 horn avenue west,8795 sunset blvd. north,0.0
8795 sunset blvd. north,1114 horn avenue west,0.0
1114 horn avenue west,8795 sunset blvd east,0.045454545454545456
8795 sunset blvd east,1114 horn avenue west,0.045454545454545456
1114 horn avenue west,8795 sunset blvd south,0.0
8795 sunset blvd south,1114 horn avenue west,0.0
1114 horn avenue west,8795 sunset blvd north,0.0
8795 sunset blvd north,1114 horn avenue west,0.0
1114 horn avenue west,8795 sunset blvd. near hudson st.,0.0
8795 sunset blvd. near hudson st.,1114 horn avenue west,0.0
1114 horn avenue west,8795 sunset blvd between white ave. and peachtree,0.027777777777777776
8795 sunset blvd between white ave. and peachtree,1114 horn avenue west,0.027777777777777776
1114 horn avenue south,8795 sunset blvd.,0.0
8795 sunset blvd.,1114 horn avenue south,0.0
1114 horn avenue south,8795 sunset blvd,0.0
8795 sunset blvd,1114 horn avenue south,0.0
1114 horn avenue south,8795 sunset blvd. east,0.0
8795 sunset blvd. east,1114 horn avenue south,0.0
1114 horn avenue south,8795 sunset blvd. west,0.0
8795 sunset blvd. west,1114 horn avenue south,0.0
1114 horn avenue south,8795 sunset blvd. north,0.0425531914893617
8795 sunset blvd. north,1114 horn avenue south,0.0425531914893617
1114 horn avenue south,8795 sunset blvd east,0.0
8795 sunset blvd east,1114 horn avenue south,0.0
1114 horn avenue south,8795 sunset blvd west,0.0
8795 sunset blvd west,1114 horn avenue south,0.0
1114 horn avenue south,8795 sunset blvd north,0.043478260869565216
8795 sunset blvd north,1114 horn avenue south,0.043478260869565216
1114 horn avenue south,8795 sunset blvd. near hudson st.,0.0
8795 sunset blvd. near hudson st.,1114 horn avenue south,0.0
1114 horn avenue south,8795 sunset blvd between white ave. and peachtree,0.0273972602739726
8795 sunset blvd between white ave. and peachtree,1114 horn avenue south,0.0273972602739726
1114 horn avenue north,8795 sunset blvd.,0.0
8795 sunset blvd.,1114 horn avenue north,0.0
1114 horn avenue north,8795 sunset blvd,0.0
8795 sunset blvd,1114 horn avenue north,0.0
1114 horn avenue north,8795 sunset blvd. east,0.0
8795 sunset blvd. east,1114 horn avenue north,0.0
1114 horn avenue north,8795 sunset blvd. west,0.0
8795 sunset blvd. west,1114 horn avenue north,0.0
1114 horn avenue north,8795 sunset blvd. south,0.0425531914893617
8795 sunset blvd. south,1114 horn avenue north,0.0425531914893617
1114 horn avenue north,8795 sunset blvd east,0.0
8795 sunset blvd east,1114 horn avenue north,0.0
1114 horn avenue north,8795 sunset blvd west,0.0
8795 sunset blvd west,1114 horn avenue north,0.0
1114 horn avenue north,8795 sunset blvd south,0.043478260869565216
8795 sunset blvd south,1114 horn avenue north,0.043478260869565216
1114 horn avenue north,8795 sunset blvd. near hudson st.,0.0
8795 sunset blvd. near hudson st.,1114 horn avenue north,0.0
1114 horn avenue north,8795 sunset blvd between white ave. and peachtree,0.0273972602739726
8795 sunset blvd between white ave. and peachtree,1114 horn avenue north,0.0273972602739726
1114 horn ave. near harris st.,8795 sunset blvd.,0.02
8795 sunset blvd.,1114 horn ave. near harris st.,0.02
1114 horn ave. near harris st.,8795 sunset blvd,0.0
8795 sunset blvd,1114 horn ave. near harris st.,0.0
1114 horn ave. near harris st.,8795 sunset blvd. east,0.0
8795 sunset blvd. east,1114 horn ave. near harris st.,0.0
1114 horn ave. near harris st.,8795 sunset blvd. west,0.0
8795 sunset blvd. west,1114 horn ave. near harris st.,0.0
1114 horn ave. near harris st.,8795 sunset blvd. south,0.0
8795 sunset blvd. south,1114 horn ave. near harris st.,0.0
1114 horn ave. near harris st.,8795 sunset blvd. north,0.017857142857142856
8795 sunset blvd. north,1114 horn ave. near harris st.,0.017857142857142856
1114 horn ave. near harris st.,8795 sunset blvd east,0.0
8795 sunset blvd east,1114 horn ave. near harris st.,0.0
1114 horn ave. near harris st.,8795 sunset blvd west,0.0
8795 sunset blvd west,1114 horn ave. near harris st.,0.0
1114 horn ave. near harris st.,8795 sunset blvd south,0.0
8795 sunset blvd south,1114 horn ave. near harris st.,0.0
1114 horn ave. near harris st.,8795 sunset blvd north,0.0
8795 sunset blvd north,1114 horn ave. near harris st.,0.0
1114 horn ave. near harris st.,8795 sunset blvd between white ave. and peachtree,0.05063291139240506
8795 sunset blvd between white ave. and peachtree,1114 horn ave. near harris st.,0.05063291139240506
1114 horn avenue near the east river,8795 sunset blvd.,0.0
8795 sunset blvd.,1114 horn avenue near the east river,0.0
1114 horn avenue near the east river,8795 sunset blvd,0.0
8795 sunset blvd,1114 horn avenue near the east river,0.0
1114 horn avenue near the east river,8795 sunset blvd. east,0.05084745762711865
8795 sunset blvd. east,1114 horn avenue near the east river,0.05084745762711865
1114 horn avenue near the east river,8795 sunset blvd. west,0.0
8795 sunset blvd. west,1114 horn avenue near the east river,0.0
1114 horn avenue near the east river,8795 sunset blvd. south,0.0
8795 sunset blvd. south,1114 horn avenue near the east river,0.0
1114 horn avenue near the east river,8795 sunset blvd. north,0.0
8795 sunset blvd. north,1114 horn avenue near the east river,0.0
1114 horn avenue near the east river,8795 sunset blvd east,0.05172413793103448
8795 sunset blvd east,1114 horn avenue near the east river,0.05172413793103448
1114 horn avenue near the east river,8795 sunset blvd west,0.0
8795 sunset blvd west,1114 horn avenue near the east river,0.0
1114 horn avenue near the east river,8795 sunset blvd south,0.0
8795 sunset blvd south,1114 horn avenue near the east river,0.0
1114 horn avenue near the east river,8795 sunset blvd north,0.0
8795 sunset blvd north,1114 horn avenue near the east river,0.0
1114 horn avenue near the east river,8795 sunset blvd. near hudson st.,0.05797101449275361
8795 sunset blvd. near hudson st.,1114 horn avenue near the east river,0.05797101449275361
1114 horn avenue near the east river,8795 sunset blvd between white ave. and peachtree,0.02298850574712644
8795 sunset blvd between white ave. and peachtree,1114 horn avenue near the east river,0.02298850574712644
160 central park s,155 w. 58th st.,0.027777777777777776
155 w. 58th st.,160 central park s,0.027777777777777776
160 central park s,155 w. 58th street,0.02564102564102564
155 w. 58th street,160 central park s,0.02564102564102564
160 central park s,155 w. 58th st. east,0.024390243902439025
155 w. 58th st. east,160 central park s,0.024390243902439025
160 central park s,155 w. 58th st. west,0.024390243902439025
155 w. 58th st. west,160 central park s,0.024390243902439025
160 central park s,155 w. 58th st. south,0.023809523809523808
155 w. 58th st. south,160 central park s,0.023809523809523808
160 central park s,155 w. 58th st. north,0.023809523809523808
155 w. 58th st. north,160 central park s,0.023809523809523808
160 central park s,155 w. 58th street east,0.022727272727272728
155 w. 58th street east,160 central park s,0.022727272727272728
160 central park s,155 w. 58th street west,0.022727272727272728
155 w. 58th street west,160 central park s,0.022727272727272728
160 central park s,155 w. 58th street south,0.022222222222222227
155 w. 58th street south,160 central park s,0.022222222222222227
160 central park s,155 w. 58th street north,0.022222222222222227
155 w. 58th street north,160 central park s,0.022222222222222227
160 central park s,155 w. 58th st. at harris st.,0.02083333333333333
155 w. 58th st. at harris st.,160 central park s,0.02083333333333333
160 central park s,155 w. 58th street off hudson st.,0.018867924528301886
155 w. 58th street off hudson st.,160 central park s,0.018867924528301886
160 central park s east,155 w. 58th st.,0.024390243902439025
155 w. 58th st.,160 central park s east,0.024390243902439025
160 central park s east,155 w. 58th street,0.04651162790697674
155 w. 58th street,160 central park s east,0.04651162790697674
160 central park s east,155 w. 58th st. west,0.06818181818181818
155 w. 58th st. west,160 central park s east,0.06818181818181818
160 central park s east,155 w. 58th st. south,0.02127659574468085
155 w. 58th st. south,160 central park s east,0.02127659574468085
160 central park s east,155 w. 58th st. north,0.02127659574468085
155 w. 58th st. north,160 central park s east,0.02127659574468085
160 central park s east,155 w. 58th street west,0.06382978723404255
155 w. 58th street west,160 central park s east,0.06382978723404255
160 central park s east,155 w. 58th street south,0.02
155 w. 58th street south,160 central park s east,0.02
160 central park s east,155 w. 58th street north,0.02
155 w. 58th street north,160 central park s east,0.02
160 central park s east,155 w. 58th st. at harris st.,0.018867924528301886
155 w. 58th st. at harris st.,160 central park s east,0.018867924528301886
160 central park s east,155 w. 58th street off hudson st.,0.017241379310344827
155 w. 58th street off hudson st.,160 central park s east,0.017241379310344827
160 central park s west,155 w. 58th st.,0.024390243902439025
155 w. 58th st.,160 central park s west,0.024390243902439025
160 central park s west,155 w. 58th street,0.04651162790697674
155 w. 58th street,160 central park s west,0.04651162790697674
160 central park s west,155 w. 58th st. east,0.06818181818181818
155 w. 58th st. east,160 central park s west,0.06818181818181818
160 central park s west,155 w. 58th st. south,0.02127659574468085
155 w. 58th st. south,160 central park s west,0.02127659574468085
160 central park s west,155 w. 58th st. north,0.02127659574468085
155 w. 58th st. north,160 central park s west,0.02127659574468085
160 central park s west,155 w. 58th street east,0.06382978723404255
155 w. 58th street east,160 central park s west,0.06382978723404255
160 central park s west,155 w. 58th street south,0.02
155 w. 58th street south,160 central park s west,0.02
160 central park s west,155 w. 58th street north,0.02
155 w. 58th street north,160 central park s west,0.02
160 central park s west,155 w. 58th st. at harris st.,0.018867924528301886
155 w. 58th st. at harris st.,160 central park s west,0.018867924528301886
160 central park s west,155 w. 58th street off hudson st.,0.017241379310344827
155 w. 58th street off hudson st.,160 central park s west,0.017241379310344827
160 central park s south,155 w. 58th st.,0.023809523809523808
155 w. 58th st.,160 central park s south,0.023809523809523808
160 central park s south,155 w. 58th street,0.022222222222222227
155 w. 58th street,160 central park s south,0.022222222222222227
160 central park s south,155 w. 58th st. east,0.02127659574468085
155 w. 58th st. east,160 central park s south,0.02127659574468085
160 central park s south,155 w. 58th st. west,0.02127659574468085
155 w. 58th st. west,160 central park s south,0.02127659574468085
160 central park s south,155 w. 58th st. north,0.06521739130434782
155 w. 58th st. north,160 central park s south,0.06521739130434782
160 central park s south,155 w. 58th street east,0.02
155 w. 58th street east,160 central park s south,0.02
160 central park s south,155 w. 58th street west,0.02
155 w. 58th street west,160 central park s south,0.02
160 central park s south,155 w. 58th street north,0.061224489795918366
155 w. 58th street north,160 central park s south,0.061224489795918366
160 central park s south,155 w. 58th st. at harris st.,0.03773584905660377
155 w. 58th st. at harris st.,160 central park s south,0.03773584905660377
160 central park s south,155 w. 58th street off hudson st.,0.01694915254237288
155 w. 58th street off hudson st.,160 central park s south,0.01694915254237288
160 central park s north,155 w. 58th st.,0.023809523809523808
155 w. 58th st.,160 central park s north,0.023809523809523808
160 central park s north,155 w. 58th street,0.022222222222222227
155 w. 58th street,160 central park s north,0.022222222222222227
160 central park s north,155 w. 58th st. east,0.02127659574468085
155 w. 58th st. east,160 central park s north,0.02127659574468085
160 central park s north,155 w. 58th st. west,0.02127659574468085
155 w. 58th st. west,160 central park s north,0.02127659574468085
160 central park s north,155 w. 58th st. south,0.06521739130434782
155 w. 58th st. south,160 central park s north,0.06521739130434782
160 central park s north,155 w. 58th street east,0.02
155 w. 58th street east,160 central park s north,0.02
160 central park s north,155 w. 58th street west,0.02
155 w. 58th street west,160 central park s north,0.02
160 central park s north,155 w. 58th street south,0.061224489795918366
155 w. 58th street south,160 central park s north,0.061224489795918366
160 central park s north,155 w. 58th st. at harris st.,0.018518518518518517
155 w. 58th st. at harris st.,160 central park s north,0.018518518518518517
160 central park s north,155 w. 58th street off hudson st.,0.01694915254237288
155 w. 58th street off hudson st.,160 central park s north,0.01694915254237288
160 central park s between columbus ave. and walker,155 w. 58th st.,0.014492753623188406
155 w. 58th st.,160 central park s between columbus ave. and walker,0.014492753623188406
160 central park s between columbus ave. and walker,155 w. 58th street,0.013888888888888888
155 w. 58th street,160 central park s between columbus ave. and walker,0.013888888888888888
160 central park s between columbus ave. and walker,155 w. 58th st. east,0.013513513513513514
155 w. 58th st. east,160 central park s between columbus ave. and walker,0.013513513513513514
160 central park s between columbus ave. and walker,155 w. 58th st. west,0.013513513513513514
155 w. 58th st. west,160 central park s between columbus ave. and walker,0.013513513513513514
160 central park s between columbus ave. and walker,155 w. 58th st. south,0.013333333333333334
155 w. 58th st. south,160 central park s between columbus ave. and walker,0.013333333333333334
160 central park s between columbus ave. and walker,155 w. 58th st. north,0.013333333333333334
155 w. 58th st. north,160 central park s between columbus ave. and walker,0.013333333333333334
160 central park s between columbus ave. and walker,155 w. 58th street east,0.012987012987012988
155 w. 58th street east,160 central park s between columbus ave. and walker,0.012987012987012988
160 central park s between columbus ave. and walker,155 w. 58th street west,0.012987012987012988
155 w. 58th street west,160 central park s between columbus ave. and walker,0.012987012987012988
160 central park s between columbus ave. and walker,155 w. 58th street south,0.01282051282051282
155 w. 58th street south,160 central park s between columbus ave. and walker,0.01282051282051282
160 central park s between columbus ave. and walker,155 w. 58th street north,0.01282051282051282
155 w. 58th street north,160 central park s between columbus ave. and walker,0.01282051282051282
160 central park s between columbus ave. and walker,155 w. 58th st. at harris st.,0.025
155 w. 58th st. at harris st.,160 central park s between columbus ave. and walker,0.025
160 central park s between columbus ave. and walker,155 w. 58th street off hudson st.,0.011627906976744186
155 w. 58th street off hudson st.,160 central park s between columbus ave. and walker,0.011627906976744186
95 ave. a at 6th st. between columbus ave. and broadway,95 avenue a near the east river,0.08974358974358974
95 avenue a near the east river,95 ave. a at 6th st. between columbus ave. and broadway,0.08974358974358974
95 ave. a at sixth st. between columbus ave. and peachtree,95 avenue a,0.0967741935483871
95 avenue a,95 ave. a at sixth st. between columbus ave. and peachtree,0.0967741935483871
95 ave. a at sixth st. between columbus ave. and peachtree,95 avenue a near the east river,0.08641975308641975
95 avenue a near the east river,95 ave. a at sixth st. between columbus ave. and peachtree,0.08641975308641975
43 w. 65th st.,155 e. 55th st. between columbus ave. and peachtree,0.07936507936507936
155 e. 55th st. between columbus ave. and peachtree,43 w. 65th st.,0.07936507936507936
43 w. 65th st.,155 e. 55th street between 11th and 12th sts,0.07407407407407407
155 e. 55th street between 11th and 12th sts,43 w. 65th st.,0.07407407407407407
43 w. 65th street,155 e. 55th st. between columbus ave. and peachtree,0.09230769230769233
155 e. 55th st. between columbus ave. and peachtree,43 w. 65th street,0.09230769230769233
43 w. 65th st. east,155 e. 55th street south,0.09302325581395347
155 e. 55th street south,43 w. 65th st. east,0.09302325581395347
43 w. 65th st. east,155 e. 55th street north,0.09302325581395347
155 e. 55th street north,43 w. 65th st. east,0.09302325581395347
43 w. 65th st. east,155 e. 55th st. between columbus ave. and peachtree,0.08955223880597014
155 e. 55th st. between columbus ave. and peachtree,43 w. 65th st. east,0.08955223880597014
43 w. 65th st. east,155 e. 55th street between 11th and 12th sts,0.06779661016949153
155 e. 55th street between 11th and 12th sts,43 w. 65th st. east,0.06779661016949153
43 w. 65th st. west,155 e. 55th street south,0.09302325581395347
155 e. 55th street south,43 w. 65th st. west,0.09302325581395347
43 w. 65th st. west,155 e. 55th street north,0.09302325581395347
155 e. 55th street north,43 w. 65th st. west,0.09302325581395347
43 w. 65th st. west,155 e. 55th st. between columbus ave. and peachtree,0.08955223880597014
155 e. 55th st. between columbus ave. and peachtree,43 w. 65th st. west,0.08955223880597014
43 w. 65th st. west,155 e. 55th street between 11th and 12th sts,0.06779661016949153
155 e. 55th street between 11th and 12th sts,43 w. 65th st. west,0.06779661016949153
43 w. 65th st. south,155 e. 55th street east,0.09302325581395347
155 e. 55th street east,43 w. 65th st. south,0.09302325581395347
43 w. 65th st. south,155 e. 55th street west,0.09302325581395347
155 e. 55th street west,43 w. 65th st. south,0.09302325581395347
43 w. 65th st. south,155 e. 55th st. between columbus ave. and peachtree,0.08823529411764706
155 e. 55th st. between columbus ave. and peachtree,43 w. 65th st. south,0.08823529411764706
43 w. 65th st. south,155 e. 55th street between 11th and 12th sts,0.06666666666666668
155 e. 55th street between 11th and 12th sts,43 w. 65th st. south,0.06666666666666668
43 w. 65th st. north,155 e. 55th street east,0.09302325581395347
155 e. 55th street east,43 w. 65th st. north,0.09302325581395347
43 w. 65th st. north,155 e. 55th street west,0.09302325581395347
155 e. 55th street west,43 w. 65th st. north,0.09302325581395347
43 w. 65th st. north,155 e. 55th st. between columbus ave. and peachtree,0.08823529411764706
155 e. 55th st. between columbus ave. and peachtree,43 w. 65th st. north,0.08823529411764706
43 w. 65th st. north,155 e. 55th street between 11th and 12th sts,0.06666666666666668
155 e. 55th street between 11th and 12th sts,43 w. 65th st. north,0.06666666666666668
43 w. 65th street east,155 e. 55th st. south,0.09302325581395347
155 e. 55th st. south,43 w. 65th street east,0.09302325581395347
43 w. 65th street east,155 e. 55th st. north,0.09302325581395347
155 e. 55th st. north,43 w. 65th street east,0.09302325581395347
43 w. 65th street east,155 e. 55th st. between columbus ave. and peachtree,0.08571428571428573
155 e. 55th st. between columbus ave. and peachtree,43 w. 65th street east,0.08571428571428573
43 w. 65th street west,155 e. 55th st. south,0.09302325581395347
155 e. 55th st. south,43 w. 65th street west,0.09302325581395347
43 w. 65th street west,155 e. 55th st. north,0.09302325581395347
155 e. 55th st. north,43 w. 65th street west,0.09302325581395347
43 w. 65th street west,155 e. 55th st. between columbus ave. and peachtree,0.08571428571428573
155 e. 55th st. between columbus ave. and peachtree,43 w. 65th street west,0.08571428571428573
43 w. 65th street south,155 e. 55th st. east,0.09302325581395347
155 e. 55th st. east,43 w. 65th street south,0.09302325581395347
43 w. 65th street south,155 e. 55th st. west,0.09302325581395347
155 e. 55th st. west,43 w. 65th street south,0.09302325581395347
43 w. 65th street south,155 e. 55th st. between columbus ave. and peachtree,0.08450704225352113
155 e. 55th st. between columbus ave. and peachtree,43 w. 65th street south,0.08450704225352113
43 w. 65th street north,155 e. 55th st. east,0.09302325581395347
155 e. 55th st. east,43 w. 65th street north,0.09302325581395347
43 w. 65th street north,155 e. 55th st. west,0.09302325581395347
155 e. 55th st. west,43 w. 65th street north,0.09302325581395347
43 w. 65th street north,155 e. 55th st. between columbus ave. and peachtree,0.08450704225352113
155 e. 55th st. between columbus ave. and peachtree,43 w. 65th street north,0.08450704225352113
43 w. 65th st. off columbus st.,155 e. 55th street,0.0851063829787234
155 e. 55th street,43 w. 65th st. off columbus st.,0.0851063829787234
43 w. 65th st. off columbus st.,155 e. 55th street east,0.07692307692307693
155 e. 55th street east,43 w. 65th st. off columbus st.,0.07692307692307693
43 w. 65th st. off columbus st.,155 e. 55th street west,0.07692307692307693
155 e. 55th street west,43 w. 65th st. off columbus st.,0.07692307692307693
43 w. 65th st. off columbus st.,155 e. 55th street south,0.07547169811320754
155 e. 55th street south,43 w. 65th st. off columbus st.,0.07547169811320754
43 w. 65th st. off columbus st.,155 e. 55th street north,0.07547169811320754
155 e. 55th street north,43 w. 65th st. off columbus st.,0.07547169811320754
43 w. 65th st. off columbus st.,155 e. 55th street between 11th and 12th sts,0.05797101449275361
155 e. 55th street between 11th and 12th sts,43 w. 65th st. off columbus st.,0.05797101449275361
43 w. 65th street between 18th and 19th sts,155 e. 55th st.,0.07407407407407407
155 e. 55th st.,43 w. 65th street between 18th and 19th sts,0.07407407407407407
43 w. 65th street between 18th and 19th sts,155 e. 55th st. east,0.06779661016949153
155 e. 55th st. east,43 w. 65th street between 18th and 19th sts,0.06779661016949153
43 w. 65th street between 18th and 19th sts,155 e. 55th st. west,0.06779661016949153
155 e. 55th st. west,43 w. 65th street between 18th and 19th sts,0.06779661016949153
43 w. 65th street between 18th and 19th sts,155 e. 55th st. south,0.06666666666666668
155 e. 55th st. south,43 w. 65th street between 18th and 19th sts,0.06666666666666668
43 w. 65th street between 18th and 19th sts,155 e. 55th st. north,0.06666666666666668
155 e. 55th st. north,43 w. 65th street between 18th and 19th sts,0.06666666666666668
201 e. 49th st.,797 third ave.,0.03125
797 third ave.,201 e. 49th st.,0.03125
201 e. 49th st.,797 third avenue,0.0
797 third avenue,201 e. 49th st.,0.0
201 e. 49th st.,797 3rd ave.,0.03333333333333333
797 3rd ave.,201 e. 49th st.,0.03333333333333333
201 e. 49th st.,797 third ave. east,0.027027027027027032
797 third ave. east,201 e. 49th st.,0.027027027027027032
201 e. 49th st.,797 third ave. west,0.027027027027027032
797 third ave. west,201 e. 49th st.,0.027027027027027032
201 e. 49th st.,797 third ave. south,0.02631578947368421
797 third ave. south,201 e. 49th st.,0.02631578947368421
201 e. 49th st.,797 third ave. north,0.02631578947368421
797 third ave. north,201 e. 49th st.,0.02631578947368421
201 e. 49th st.,797 third avenue east,0.0
797 third avenue east,201 e. 49th st.,0.0
201 e. 49th st.,797 third avenue west,0.0
797 third avenue west,201 e. 49th st.,0.0
201 e. 49th st.,797 third avenue south,0.0
797 third avenue south,201 e. 49th st.,0.0
201 e. 49th st.,797 third avenue north,0.0
797 third avenue north,201 e. 49th st.,0.0
201 e. 49th st.,797 3rd ave. east,0.028571428571428567
797 3rd ave. east,201 e. 49th st.,0.028571428571428567
201 e. 49th st.,797 3rd ave. west,0.028571428571428567
797 3rd ave. west,201 e. 49th st.,0.028571428571428567
201 e. 49th st.,797 3rd ave. south,0.027777777777777776
797 3rd ave. south,201 e. 49th st.,0.027777777777777776
201 e. 49th st.,797 3rd ave. north,0.027777777777777776
797 3rd ave. north,201 e. 49th st.,0.027777777777777776
201 e. 49th street,797 third ave.,0.0
797 third ave.,201 e. 49th street,0.0
201 e. 49th street,797 third avenue,0.0
797 third avenue,201 e. 49th street,0.0
201 e. 49th street,797 3rd ave.,0.0
797 3rd ave.,201 e. 49th street,0.0
201 e. 49th street,797 third ave. east,0.05128205128205128
797 third ave. east,201 e. 49th street,0.05128205128205128
201 e. 49th street,797 third ave. west,0.05128205128205128
797 third ave. west,201 e. 49th street,0.05128205128205128
201 e. 49th street,797 third ave. south,0.024390243902439025
797 third ave. south,201 e. 49th street,0.024390243902439025
201 e. 49th street,797 third ave. north,0.024390243902439025
797 third ave. north,201 e. 49th street,0.024390243902439025
201 e. 49th street,797 third avenue east,0.023809523809523808
797 third avenue east,201 e. 49th street,0.023809523809523808
201 e. 49th street,797 third avenue west,0.023809523809523808
797 third avenue west,201 e. 49th street,0.023809523809523808
201 e. 49th street,797 third avenue south,0.0
797 third avenue south,201 e. 49th street,0.0
201 e. 49th street,797 third avenue north,0.0
797 third avenue north,201 e. 49th street,0.0
201 e. 49th street,797 3rd ave. east,0.054054054054054064
797 3rd ave. east,201 e. 49th street,0.054054054054054064
201 e. 49th street,797 3rd ave. west,0.054054054054054064
797 3rd ave. west,201 e. 49th street,0.054054054054054064
201 e. 49th street,797 3rd ave. south,0.02564102564102564
797 3rd ave. south,201 e. 49th street,0.02564102564102564
201 e. 49th street,797 3rd ave. north,0.02564102564102564
797 3rd ave. north,201 e. 49th street,0.02564102564102564
201 e. 49th street,797 third ave. near 20th st.,0.08695652173913042
797 third ave. near 20th st.,201 e. 49th street,0.08695652173913042
201 e. 49th street,797 third avenue near 17th st.,0.061224489795918366
797 third avenue near 17th st.,201 e. 49th street,0.061224489795918366
201 e. 49th street,797 3rd ave. off sunset st.,0.0425531914893617
797 3rd ave. off sunset st.,201 e. 49th street,0.0425531914893617
201 e. 49th st. east,797 third ave.,0.0
797 third ave.,201 e. 49th st. east,0.0
201 e. 49th st. east,797 third avenue,0.0
797 third avenue,201 e. 49th st. east,0.0
201 e. 49th st. east,797 3rd ave.,0.0
797 3rd ave.,201 e. 49th st. east,0.0
201 e. 49th st. east,797 third ave. west,0.075
797 third ave. west,201 e. 49th st. east,0.075
201 e. 49th st. east,797 third ave. south,0.02325581395348837
797 third ave. south,201 e. 49th st. east,0.02325581395348837
201 e. 49th st. east,797 third ave. north,0.02325581395348837
797 third ave. north,201 e. 49th st. east,0.02325581395348837
201 e. 49th st. east,797 third avenue west,0.04651162790697674
797 third avenue west,201 e. 49th st. east,0.04651162790697674
201 e. 49th st. east,797 third avenue south,0.0
797 third avenue south,201 e. 49th st. east,0.0
201 e. 49th st. east,797 third avenue north,0.0
797 third avenue north,201 e. 49th st. east,0.0
201 e. 49th st. east,797 3rd ave. west,0.07894736842105263
797 3rd ave. west,201 e. 49th st. east,0.07894736842105263
201 e. 49th st. east,797 3rd ave. south,0.024390243902439025
797 3rd ave. south,201 e. 49th st. east,0.024390243902439025
201 e. 49th st. east,797 3rd ave. north,0.024390243902439025
797 3rd ave. north,201 e. 49th st. east,0.024390243902439025
201 e. 49th st. east,797 third avenue near 17th st.,0.08
797 third avenue near 17th st.,201 e. 49th st. east,0.08
201 e. 49th st. east,797 3rd ave. off sunset st.,0.0625
797 3rd ave. off sunset st.,201 e. 49th st. east,0.0625
201 e. 49th st. west,797 third ave.,0.0
797 third ave.,201 e. 49th st. west,0.0
201 e. 49th st. west,797 third avenue,0.0
797 third avenue,201 e. 49th st. west,0.0
201 e. 49th st. west,797 3rd ave.,0.0
797 3rd ave.,201 e. 49th st. west,0.0
201 e. 49th st. west,797 third ave. east,0.075
797 third ave. east,201 e. 49th st. west,0.075
201 e. 49th st. west,797 third ave. south,0.02325581395348837
797 third ave. south,201 e. 49th st. west,0.02325581395348837
201 e. 49th st. west,797 third ave. north,0.02325581395348837
797 third ave. north,201 e. 49th st. west,0.02325581395348837
201 e. 49th st. west,797 third avenue east,0.04651162790697674
797 third avenue east,201 e. 49th st. west,0.04651162790697674
201 e. 49th st. west,797 third avenue south,0.0
797 third avenue south,201 e. 49th st. west,0.0
201 e. 49th st. west,797 third avenue north,0.0
797 third avenue north,201 e. 49th st. west,0.0
201 e. 49th st. west,797 3rd ave. east,0.07894736842105263
797 3rd ave. east,201 e. 49th st. west,0.07894736842105263
201 e. 49th st. west,797 3rd ave. south,0.024390243902439025
797 3rd ave. south,201 e. 49th st. west,0.024390243902439025
201 e. 49th st. west,797 3rd ave. north,0.024390243902439025
797 3rd ave. north,201 e. 49th st. west,0.024390243902439025
201 e. 49th st. west,797 third avenue near 17th st.,0.08
797 third avenue near 17th st.,201 e. 49th st. west,0.08
201 e. 49th st. west,797 3rd ave. off sunset st.,0.0625
797 3rd ave. off sunset st.,201 e. 49th st. west,0.0625
201 e. 49th st. south,797 third ave.,0.0
797 third ave.,201 e. 49th st. south,0.0
201 e. 49th st. south,797 third avenue,0.0
797 third avenue,201 e. 49th st. south,0.0
201 e. 49th st. south,797 3rd ave.,0.0
797 3rd ave.,201 e. 49th st. south,0.0
201 e. 49th st. south,797 third ave. east,0.02325581395348837
797 third ave. east,201 e. 49th st. south,0.02325581395348837
201 e. 49th st. south,797 third ave. west,0.02325581395348837
797 third ave. west,201 e. 49th st. south,0.02325581395348837
201 e. 49th st. south,797 third ave. north,0.07142857142857142
797 third ave. north,201 e. 49th st. south,0.07142857142857142
201 e. 49th st. south,797 third avenue east,0.0
797 third avenue east,201 e. 49th st. south,0.0
201 e. 49th st. south,797 third avenue west,0.0
797 third avenue west,201 e. 49th st. south,0.0
201 e. 49th st. south,797 third avenue north,0.04444444444444445
797 third avenue north,201 e. 49th st. south,0.04444444444444445
201 e. 49th st. south,797 3rd ave. east,0.024390243902439025
797 3rd ave. east,201 e. 49th st. south,0.024390243902439025
201 e. 49th st. south,797 3rd ave. west,0.024390243902439025
797 3rd ave. west,201 e. 49th st. south,0.024390243902439025
201 e. 49th st. south,797 3rd ave. north,0.075
797 3rd ave. north,201 e. 49th st. south,0.075
201 e. 49th st. south,797 third avenue near 17th st.,0.0784313725490196
797 third avenue near 17th st.,201 e. 49th st. south,0.0784313725490196
201 e. 49th st. south,797 3rd ave. off sunset st.,0.061224489795918366
797 3rd ave. off sunset st.,201 e. 49th st. south,0.061224489795918366
201 e. 49th st. north,797 third ave.,0.0
797 third ave.,201 e. 49th st. north,0.0
201 e. 49th st. north,797 third avenue,0.0
797 third avenue,201 e. 49th st. north,0.0
201 e. 49th st. north,797 3rd ave.,0.0
797 3rd ave.,201 e. 49th st. north,0.0
201 e. 49th st. north,797 third ave. east,0.02325581395348837
797 third ave. east,201 e. 49th st. north,0.02325581395348837
201 e. 49th st. north,797 third ave. west,0.02325581395348837
797 third ave. west,201 e. 49th st. north,0.02325581395348837
201 e. 49th st. north,797 third ave. south,0.07142857142857142
797 third ave. south,201 e. 49th st. north,0.07142857142857142
201 e. 49th st. north,797 third avenue east,0.0
797 third avenue east,201 e. 49th st. north,0.0
201 e. 49th st. north,797 third avenue west,0.0
797 third avenue west,201 e. 49th st. north,0.0
201 e. 49th st. north,797 third avenue south,0.04444444444444445
797 third avenue south,201 e. 49th st. north,0.04444444444444445
201 e. 49th st. north,797 3rd ave. east,0.024390243902439025
797 3rd ave. east,201 e. 49th st. north,0.024390243902439025
201 e. 49th st. north,797 3rd ave. west,0.024390243902439025
797 3rd ave. west,201 e. 49th st. north,0.024390243902439025
201 e. 49th st. north,797 3rd ave. south,0.075
797 3rd ave. south,201 e. 49th st. north,0.075
201 e. 49th st. north,797 third avenue near 17th st.,0.0784313725490196
797 third avenue near 17th st.,201 e. 49th st. north,0.0784313725490196
201 e. 49th st. north,797 3rd ave. off sunset st.,0.061224489795918366
797 3rd ave. off sunset st.,201 e. 49th st. north,0.061224489795918366
201 e. 49th street east,797 third ave.,0.0
797 third ave.,201 e. 49th street east,0.0
201 e. 49th street east,797 third avenue,0.0
797 third avenue,201 e. 49th street east,0.0
201 e. 49th street east,797 3rd ave.,0.0
797 3rd ave.,201 e. 49th street east,0.0
201 e. 49th street east,797 third ave. west,0.06976744186046513
797 third ave. west,201 e. 49th street east,0.06976744186046513
201 e. 49th street east,797 third ave. south,0.021739130434782608
797 third ave. south,201 e. 49th street east,0.021739130434782608
201 e. 49th street east,797 third ave. north,0.021739130434782608
797 third ave. north,201 e. 49th street east,0.021739130434782608
201 e. 49th street east,797 third avenue west,0.043478260869565216
797 third avenue west,201 e. 49th street east,0.043478260869565216
201 e. 49th street east,797 third avenue south,0.0
797 third avenue south,201 e. 49th street east,0.0
201 e. 49th street east,797 third avenue north,0.0
797 third avenue north,201 e. 49th street east,0.0
201 e. 49th street east,797 3rd ave. west,0.07317073170731707
797 3rd ave. west,201 e. 49th street east,0.07317073170731707
201 e. 49th street east,797 3rd ave. south,0.022727272727272728
797 3rd ave. south,201 e. 49th street east,0.022727272727272728
201 e. 49th street east,797 3rd ave. north,0.022727272727272728
797 3rd ave. north,201 e. 49th street east,0.022727272727272728
201 e. 49th street east,797 third ave. near 20th st.,0.0784313725490196
797 third ave. near 20th st.,201 e. 49th street east,0.0784313725490196
201 e. 49th street east,797 third avenue near 17th st.,0.05555555555555555
797 third avenue near 17th st.,201 e. 49th street east,0.05555555555555555
201 e. 49th street east,797 3rd ave. off sunset st.,0.05882352941176471
797 3rd ave. off sunset st.,201 e. 49th street east,0.05882352941176471
201 e. 49th street west,797 third ave.,0.0
797 third ave.,201 e. 49th street west,0.0
201 e. 49th street west,797 third avenue,0.0
797 third avenue,201 e. 49th street west,0.0
201 e. 49th street west,797 3rd ave.,0.0
797 3rd ave.,201 e. 49th street west,0.0
201 e. 49th street west,797 third ave. east,0.06976744186046513
797 third ave. east,201 e. 49th street west,0.06976744186046513
201 e. 49th street west,797 third ave. south,0.021739130434782608
797 third ave. south,201 e. 49th street west,0.021739130434782608
201 e. 49th street west,797 third ave. north,0.021739130434782608
797 third ave. north,201 e. 49th street west,0.021739130434782608
201 e. 49th street west,797 third avenue east,0.043478260869565216
797 third avenue east,201 e. 49th street west,0.043478260869565216
201 e. 49th street west,797 third avenue south,0.0
797 third avenue south,201 e. 49th street west,0.0
201 e. 49th street west,797 third avenue north,0.0
797 third avenue north,201 e. 49th street west,0.0
201 e. 49th street west,797 3rd ave. east,0.07317073170731707
797 3rd ave. east,201 e. 49th street west,0.07317073170731707
201 e. 49th street west,797 3rd ave. south,0.022727272727272728
797 3rd ave. south,201 e. 49th street west,0.022727272727272728
201 e. 49th street west,797 3rd ave. north,0.022727272727272728
797 3rd ave. north,201 e. 49th street west,0.022727272727272728
201 e. 49th street west,797 third ave. near 20th st.,0.0784313725490196
797 third ave. near 20th st.,201 e. 49th street west,0.0784313725490196
201 e. 49th street west,797 third avenue near 17th st.,0.05555555555555555
797 third avenue near 17th st.,201 e. 49th street west,0.05555555555555555
201 e. 49th street west,797 3rd ave. off sunset st.,0.05882352941176471
797 3rd ave. off sunset st.,201 e. 49th street west,0.05882352941176471
201 e. 49th street south,797 third ave.,0.0
797 third ave.,201 e. 49th street south,0.0
201 e. 49th street south,797 third avenue,0.0
797 third avenue,201 e. 49th street south,0.0
201 e. 49th street south,797 3rd ave.,0.0
797 3rd ave.,201 e. 49th street south,0.0
201 e. 49th street south,797 third ave. east,0.021739130434782608
797 third ave. east,201 e. 49th street south,0.021739130434782608
201 e. 49th street south,797 third ave. west,0.021739130434782608
797 third ave. west,201 e. 49th street south,0.021739130434782608
201 e. 49th street south,797 third ave. north,0.06666666666666668
797 third ave. north,201 e. 49th street south,0.06666666666666668
201 e. 49th street south,797 third avenue east,0.0
797 third avenue east,201 e. 49th street south,0.0
201 e. 49th street south,797 third avenue west,0.0
797 third avenue west,201 e. 49th street south,0.0
201 e. 49th street south,797 third avenue north,0.04166666666666666
797 third avenue north,201 e. 49th street south,0.04166666666666666
201 e. 49th street south,797 3rd ave. east,0.022727272727272728
797 3rd ave. east,201 e. 49th street south,0.022727272727272728
201 e. 49th street south,797 3rd ave. west,0.022727272727272728
797 3rd ave. west,201 e. 49th street south,0.022727272727272728
201 e. 49th street south,797 3rd ave. north,0.06976744186046513
797 3rd ave. north,201 e. 49th street south,0.06976744186046513
201 e. 49th street south,797 third ave. near 20th st.,0.07692307692307693
797 third ave. near 20th st.,201 e. 49th street south,0.07692307692307693
201 e. 49th street south,797 third avenue near 17th st.,0.054545454545454536
797 third avenue near 17th st.,201 e. 49th street south,0.054545454545454536
201 e. 49th street south,797 3rd ave. off sunset st.,0.0784313725490196
797 3rd ave. off sunset st.,201 e. 49th street south,0.0784313725490196
201 e. 49th street north,797 third ave.,0.0
797 third ave.,201 e. 49th street north,0.0
201 e. 49th street north,797 third avenue,0.0
797 third avenue,201 e. 49th street north,0.0
201 e. 49th street north,797 3rd ave.,0.0
797 3rd ave.,201 e. 49th street north,0.0
201 e. 49th street north,797 third ave. east,0.021739130434782608
797 third ave. east,201 e. 49th street north,0.021739130434782608
201 e. 49th street north,797 third ave. west,0.021739130434782608
797 third ave. west,201 e. 49th street north,0.021739130434782608
201 e. 49th street north,797 third ave. south,0.06666666666666668
797 third ave. south,201 e. 49th street north,0.06666666666666668
201 e. 49th street north,797 third avenue east,0.0
797 third avenue east,201 e. 49th street north,0.0
201 e. 49th street north,797 third avenue west,0.0
797 third avenue west,201 e. 49th street north,0.0
201 e. 49th street north,797 third avenue south,0.04166666666666666
797 third avenue south,201 e. 49th street north,0.04166666666666666
201 e. 49th street north,797 3rd ave. east,0.022727272727272728
797 3rd ave. east,201 e. 49th street north,0.022727272727272728
201 e. 49th street north,797 3rd ave. west,0.022727272727272728
797 3rd ave. west,201 e. 49th street north,0.022727272727272728
201 e. 49th street north,797 3rd ave. south,0.06976744186046513
797 3rd ave. south,201 e. 49th street north,0.06976744186046513
201 e. 49th street north,797 third ave. near 20th st.,0.07692307692307693
797 third ave. near 20th st.,201 e. 49th street north,0.07692307692307693
201 e. 49th street north,797 third avenue near 17th st.,0.054545454545454536
797 third avenue near 17th st.,201 e. 49th street north,0.054545454545454536
201 e. 49th street north,797 3rd ave. off sunset st.,0.0576923076923077
797 3rd ave. off sunset st.,201 e. 49th street north,0.0576923076923077
201 e. 49th st. at park st.,797 third ave.,0.023809523809523808
797 third ave.,201 e. 49th st. at park st.,0.023809523809523808
201 e. 49th st. at park st.,797 third avenue,0.0
797 third avenue,201 e. 49th st. at park st.,0.0
201 e. 49th st. at park st.,797 3rd ave.,0.025
797 3rd ave.,201 e. 49th st. at park st.,0.025
201 e. 49th st. at park st.,797 third ave. east,0.02127659574468085
797 third ave. east,201 e. 49th st. at park st.,0.02127659574468085
201 e. 49th st. at park st.,797 third ave. west,0.02127659574468085
797 third ave. west,201 e. 49th st. at park st.,0.02127659574468085
201 e. 49th st. at park st.,797 third ave. south,0.02083333333333333
797 third ave. south,201 e. 49th st. at park st.,0.02083333333333333
201 e. 49th st. at park st.,797 third ave. north,0.02083333333333333
797 third ave. north,201 e. 49th st. at park st.,0.02083333333333333
201 e. 49th st. at park st.,797 third avenue east,0.0
797 third avenue east,201 e. 49th st. at park st.,0.0
201 e. 49th st. at park st.,797 third avenue west,0.0
797 third avenue west,201 e. 49th st. at park st.,0.0
201 e. 49th st. at park st.,797 third avenue south,0.0
797 third avenue south,201 e. 49th st. at park st.,0.0
201 e. 49th st. at park st.,797 third avenue north,0.0
797 third avenue north,201 e. 49th st. at park st.,0.0
201 e. 49th st. at park st.,797 3rd ave. east,0.022222222222222227
797 3rd ave. east,201 e. 49th st. at park st.,0.022222222222222227
201 e. 49th st. at park st.,797 3rd ave. west,0.022222222222222227
797 3rd ave. west,201 e. 49th st. at park st.,0.022222222222222227
201 e. 49th st. at park st.,797 3rd ave. south,0.021739130434782608
797 3rd ave. south,201 e. 49th st. at park st.,0.021739130434782608
201 e. 49th st. at park st.,797 3rd ave. north,0.021739130434782608
797 3rd ave. north,201 e. 49th st. at park st.,0.021739130434782608
201 e. 49th st. at park st.,797 3rd ave. off sunset st.,0.09803921568627452
797 3rd ave. off sunset st.,201 e. 49th st. at park st.,0.09803921568627452
201 e. 49th street at walker,797 third ave.,0.0
797 third ave.,201 e. 49th street at walker,0.0
201 e. 49th street at walker,797 third avenue,0.0
797 third avenue,201 e. 49th street at walker,0.0
201 e. 49th street at walker,797 3rd ave.,0.0
797 3rd ave.,201 e. 49th street at walker,0.0
201 e. 49th street at walker,797 third ave. east,0.02
797 third ave. east,201 e. 49th street at walker,0.02
201 e. 49th street at walker,797 third ave. west,0.02
797 third ave. west,201 e. 49th street at walker,0.02
201 e. 49th street at walker,797 third ave. south,0.0196078431372549
797 third ave. south,201 e. 49th street at walker,0.0196078431372549
201 e. 49th street at walker,797 third ave. north,0.0196078431372549
797 third ave. north,201 e. 49th street at walker,0.0196078431372549
201 e. 49th street at walker,797 third avenue east,0.0
797 third avenue east,201 e. 49th street at walker,0.0
201 e. 49th street at walker,797 third avenue west,0.0
797 third avenue west,201 e. 49th street at walker,0.0
201 e. 49th street at walker,797 third avenue south,0.0
797 third avenue south,201 e. 49th street at walker,0.0
201 e. 49th street at walker,797 third avenue north,0.0
797 third avenue north,201 e. 49th street at walker,0.0
201 e. 49th street at walker,797 3rd ave. east,0.02083333333333333
797 3rd ave. east,201 e. 49th street at walker,0.02083333333333333
201 e. 49th street at walker,797 3rd ave. west,0.02083333333333333
797 3rd ave. west,201 e. 49th street at walker,0.02083333333333333
201 e. 49th street at walker,797 3rd ave. south,0.020408163265306117
797 3rd ave. south,201 e. 49th street at walker,0.020408163265306117
201 e. 49th street at walker,797 3rd ave. north,0.020408163265306117
797 3rd ave. north,201 e. 49th street at walker,0.020408163265306117
201 e. 49th street at walker,797 third ave. near 20th st.,0.07142857142857142
797 third ave. near 20th st.,201 e. 49th street at walker,0.07142857142857142
201 e. 49th street at walker,797 third avenue near 17th st.,0.05084745762711865
797 third avenue near 17th st.,201 e. 49th street at walker,0.05084745762711865
201 e. 49th street at walker,797 3rd ave. off sunset st.,0.05357142857142857
797 3rd ave. off sunset st.,201 e. 49th street at walker,0.05357142857142857
4th street,fourth st. off hudson st.,0.08823529411764706
fourth st. off hudson st.,4th street,0.08823529411764706
fourth st.,4th street between columbus ave. and broadway,0.05357142857142857
4th street between columbus ave. and broadway,fourth st.,0.05357142857142857
4th street east,fourth st. south,0.09375
fourth st. south,4th street east,0.09375
4th street east,fourth st. north,0.0967741935483871
fourth st. north,4th street east,0.0967741935483871
4th street east,fourth st. off hudson st.,0.07692307692307693
fourth st. off hudson st.,4th street east,0.07692307692307693
4th street west,fourth st. south,0.09375
fourth st. south,4th street west,0.09375
4th street west,fourth st. north,0.0967741935483871
fourth st. north,4th street west,0.0967741935483871
4th street west,fourth st. off hudson st.,0.07692307692307693
fourth st. off hudson st.,4th street west,0.07692307692307693
4th street south,fourth st. east,0.09375
fourth st. east,4th street south,0.09375
4th street south,fourth st. west,0.09375
fourth st. west,4th street south,0.09375
4th street south,fourth st. off hudson st.,0.075
fourth st. off hudson st.,4th street south,0.075
fourth st. east,4th street between columbus ave. and broadway,0.049180327868852465
4th street between columbus ave. and broadway,fourth st. east,0.049180327868852465
fourth st. west,4th street between columbus ave. and broadway,0.049180327868852465
4th street between columbus ave. and broadway,fourth st. west,0.049180327868852465
fourth st. south,4th street between columbus ave. and broadway,0.04838709677419355
4th street between columbus ave. and broadway,fourth st. south,0.04838709677419355
fourth st. north,4th street between columbus ave. and broadway,0.049180327868852465
4th street between columbus ave. and broadway,fourth st. north,0.049180327868852465
4th street between columbus ave. and broadway,fourth st. off hudson st.,0.043478260869565216
fourth st. off hudson st.,4th street between columbus ave. and broadway,0.043478260869565216
3rd street,third st. off white st.,0.09375
third st. off white st.,3rd street,0.09375
third st.,3rd st. between park ave. and walker,0.08888888888888889
3rd st. between park ave. and walker,third st.,0.08888888888888889
third st.,3rd street near broadway,0.08823529411764706
3rd street near broadway,third st.,0.08823529411764706
3rd street east,third st. south,0.0967741935483871
third st. south,3rd street east,0.0967741935483871
3rd street east,third st. north,0.0967741935483871
third st. north,3rd street east,0.0967741935483871
3rd street east,third st. off white st.,0.08108108108108109
third st. off white st.,3rd street east,0.08108108108108109
3rd street west,third st. south,0.0967741935483871
third st. south,3rd street west,0.0967741935483871
3rd street west,third st. north,0.0967741935483871
third st. north,3rd street west,0.0967741935483871
3rd street west,third st. off white st.,0.08108108108108109
third st. off white st.,3rd street west,0.08108108108108109
3rd street south,third st. east,0.0967741935483871
third st. east,3rd street south,0.0967741935483871
3rd street south,third st. west,0.0967741935483871
third st. west,3rd street south,0.0967741935483871
3rd street south,third st. off white st.,0.07894736842105263
third st. off white st.,3rd street south,0.07894736842105263
3rd street north,third st. east,0.0967741935483871
third st. east,3rd street north,0.0967741935483871
3rd street north,third st. west,0.0967741935483871
third st. west,3rd street north,0.0967741935483871
3rd street north,third st. off white st.,0.07894736842105263
third st. off white st.,3rd street north,0.07894736842105263
third st. east,3rd street near broadway,0.07692307692307693
3rd street near broadway,third st. east,0.07692307692307693
third st. west,3rd street near broadway,0.07692307692307693
3rd street near broadway,third st. west,0.07692307692307693
third st. south,3rd st. between park ave. and walker,0.1
3rd st. between park ave. and walker,third st. south,0.1
third st. south,3rd street near broadway,0.075
3rd street near broadway,third st. south,0.075
third st. north,3rd st. between park ave. and walker,0.1
3rd st. between park ave. and walker,third st. north,0.1
third st. north,3rd street near broadway,0.075
3rd street near broadway,third st. north,0.075
3rd st. between park ave. and walker,third st. off white st.,0.08928571428571429
third st. off white st.,3rd st. between park ave. and walker,0.08928571428571429
3rd street near broadway,third st. off white st.,0.06521739130434782
third st. off white st.,3rd street near broadway,0.06521739130434782
6th street east,sixth st. south,0.0967741935483871
sixth st. south,6th street east,0.0967741935483871
6th street east,sixth st. north,0.0967741935483871
sixth st. north,6th street east,0.0967741935483871
6th street west,sixth st. south,0.0967741935483871
sixth st. south,6th street west,0.0967741935483871
6th street west,sixth st. north,0.0967741935483871
sixth st. north,6th street west,0.0967741935483871
6th street south,sixth st. east,0.0967741935483871
sixth st. east,6th street south,0.0967741935483871
6th street south,sixth st. west,0.0967741935483871
sixth st. west,6th street south,0.0967741935483871
6th street north,sixth st. east,0.0967741935483871
sixth st. east,6th street north,0.0967741935483871
6th street north,sixth st. west,0.0967741935483871
sixth st. west,6th street north,0.0967741935483871
3rd street,third st. at sunset st.,0.0967741935483871
third st. at sunset st.,3rd street,0.0967741935483871
3rd street east,third st. south,0.0967741935483871
third st. south,3rd street east,0.0967741935483871
3rd street east,third st. north,0.0967741935483871
third st. north,3rd street east,0.0967741935483871
3rd street west,third st. south,0.0967741935483871
third st. south,3rd street west,0.0967741935483871
3rd street west,third st. north,0.0967741935483871
third st. north,3rd street west,0.0967741935483871
3rd street south,third st. east,0.0967741935483871
third st. east,3rd street south,0.0967741935483871
3rd street south,third st. west,0.0967741935483871
third st. west,3rd street south,0.0967741935483871
3rd street north,third st. east,0.0967741935483871
third st. east,3rd street north,0.0967741935483871
3rd street north,third st. west,0.0967741935483871
third st. west,3rd street north,0.0967741935483871
4,4 east,0.1
4 east,4,0.1
4,4 west,0.1
4 west,4,0.1
4,4 south,0.09090909090909093
4 south,4,0.09090909090909093
4,4 north,0.09090909090909093
4 north,4,0.09090909090909093
4,4 at walker,0.06666666666666668
4 at walker,4,0.06666666666666668
4 south,4 at walker,0.1
4 at walker,4 south,0.1
4 north,4 at walker,0.1
4 at walker,4 north,0.1
8 6th st. south,8 sixth street between 13th and 14th sts,0.1
8 sixth street between 13th and 14th sts,8 6th st. south,0.1
8 6th st. north,8 sixth street between 13th and 14th sts,0.1
8 sixth street between 13th and 14th sts,8 6th st. north,0.1
9 e 16th street west,9 e sixteenth st between hudson ave. and the east river,0.1
9 e sixteenth st between hudson ave. and the east river,9 e 16th street west,0.1
9 e 16th street south,9 e sixteenth st between hudson ave. and the east river,0.09859154929577464
9 e sixteenth st between hudson ave. and the east river,9 e 16th street south,0.09859154929577464
9 e 16th street north,9 e sixteenth st between hudson ave. and the east river,0.09859154929577464
9 e sixteenth st between hudson ave. and the east river,9 e 16th street north,0.09859154929577464
9 e 16th street at peachtree,9 e sixteenth st between hudson ave. and the east river,0.09210526315789473
9 e sixteenth st between hudson ave. and the east river,9 e 16th street at peachtree,0.09210526315789473
38 8th avenue between bush ave. and the east river,38 eighth ave near 17th st.,0.1
38 eighth ave near 17th st.,38 8th avenue between bush ave. and the east river,0.1
rr 6,rr 6 between harris ave. and broadway,0.0975609756097561
rr 6 between harris ave. and broadway,rr 6,0.0975609756097561
